{
  "experiment_info": {
    "name": "experiment_20250810_133958",
    "timestamp": "2025-08-10T13:39:58.724644",
    "duration_minutes": 2.5,
    "total_experiments": 1,
    "successful_experiments": 1,
    "python_version": "3.11.7",
    "system_info": {
      "os": "Windows",
      "os_version": "10.0.26100",
      "architecture": "64bit",
      "processor": "Intel64 Family 6 Model 154 Stepping 4, GenuineIntel"
    }
  },
  "experiments_overview": {
    "total_count": 1,
    "successful_count": 1,
    "failed_count": 0,
    "experiment_types": {
      "comparison": 1
    },
    "best_results": {}
  },
  "key_findings": {
    "best_performers": {
      "best_overall": {
        "configuration": "KRR_Conservative",
        "experiment": "configuration_comparison",
        "combined_score": 0.7165099316072348,
        "mpc_quality": 66.83875072750023,
        "rmse_fe": 0.20657012901298688
      },
      "best_mpc_quality": {
        "configuration": "KRR_Conservative",
        "experiment": "configuration_comparison",
        "mpc_quality": 66.83875072750023
      },
      "best_accuracy": {
        "configuration": "KRR_Aggressive",
        "experiment": "configuration_comparison",
        "rmse_fe": 0.04403132055511486
      }
    },
    "recommendations": [
      "🏆 Рекомендована конфігурація: KRR_Conservative (Комбінована оцінка: 0.717)",
      "✅ Висока якість MPC - готово для промислового використання"
    ],
    "performance_summary": {},
    "ranking_logic": "Combined score: 70% MPC Quality + 30% Model Accuracy"
  },
  "file_structure": {
    "summary_files": [
      "experiment_summary.json",
      "comparison_table.csv",
      "experiment_report.txt"
    ],
    "detailed_files": [
      "configuration_comparison_comparison.parquet",
      "configuration_comparison_comparison.csv"
    ],
    "config_files": [
      "all_configurations.json"
    ],
    "metric_files": [
      "aggregated_metrics.json"
    ]
  }
}